{
  "platform-recip-guid": "af655acf-374e-4493-bd4b-69a3d7a999cd",
  "orig-recip-id": "1",
  "platform-env-id": "03950958-28c3-4ae5-929f-ebb1870ba7dd",
  "role_name": "signer01",
  "user-name": "vish",
  "recip-name": "VishnuTest",
  "recip-type": "Agent",
  "client-userid": "GC1",
  "recip-email-address": "abc@bofa.com",
  "language-code": "EN",
  "recip-status": "draft",
  "routing-order": "2",
  "decline-reason": "none",
  "sent-dttm": "2090-06-01 06:22:44",
  "delivered-dttm": "2020-06-01 06:22:44",
  "signed-dttm": "2023-06-01 07:22:44",
  "declined-dttm": "2087-06-01 03:22:44",
  "recipient-properties": [
    {
      "recipient-property": {
        "field-id": "RECIPIENT.FAXNUMBER",
        "field-value": "NULL",
        "field-value2": "val2",
        "field-value3": "val3"
      }
    }
  ],
  "recipient-tab-list": [
    {
      "recipient-tab": {
        "customer-tab-type": "opaque custom1",
        "document-id": "100",
        "list-selected-value": "lad",
        "original-value": "asdf",
        "page-number": "2",
        "tab-label": "sign here",
        "tab-name": "checkbox test"
      }
    }
  ]
}