{
  "platform-recip-guid": "David",
  "orig-recip-id": "",
  "platform-env-id": "03950958-28c3-4ae5-929f-ebb1870ba7dd",
  "role_name": "ABC1",
  "user-name": "ABC1",
  "recip-name": "ABC1",
  "recip-type": "ABC1",
  "client-userid": "ABC1",
  "recip-email-address": "ABC1",
  "language-code": "ABC1",
  "recip-status": "ABC1",
  "routing-order": "ABC1",
  "decline-reason": "ABC1",
  "sent-dttm": "ABC1",
  "delivered-dttm": "ABC1",
  "signed-dttm": "ABC1",
  "declined-dttm": "ABC1",
  "recipient-properties": [
    {
      "recipient-property": {
        "field-id": "",
        "field-value": "ABC1",
        "field-value2": "ABC1",
        "field-value3": "ABC1"
      }
    }
  ],
  "recipient-tab-list": [
    {
      "recipient-tab": {
        "customer-tab-type": "ABC1",
        "document-id": "ABC1",
        "list-selected-value": "ABC1",
        "original-value": "ABC1",
        "page-number": "ABC1",
        "tab-label": "ABC1",
        "tab-name": "ABC1"
      }
    }
  ]
}