{
  "platform-recip-guid": "af655acf-374e-4493-bd4b-69a3d7a999cd",
  "orig-recip-id": "",
  "platform-env-id": "03950958-28c3-4ae5-929f-ebb1870ba7dd",
  "role_name": "",
  "user-name": "",
  "recip-name": "",
  "recip-type": "",
  "client-userid": "",
  "recip-email-address": "",
  "language-code": "",
  "recip-status": "",
  "routing-order": "",
  "decline-reason": "",
  "sent-dttm": "",
  "delivered-dttm": "",
  "signed-dttm": "",
  "declined-dttm": "",
  "recipient-properties": [
    {
      "recipient-property": {
        "field-id": "",
        "field-value": "",
        "field-value2": "",
        "field-value3": ""
      }
    }
  ],
  "recipient-tab-list": [
    {
      "recipient-tab": {
        "customer-tab-type": "",
        "document-id": "",
        "list-selected-value": "",
        "original-value": "",
        "page-number": "",
        "tab-label": "",
        "tab-name": ""
      }
    }
  ]
}