{
  "orig-recip-id": "",
  "platform-env-id": "David",
  "role_name": "Living",
  "user-name": "Stone",
  "recip-name": "",
  "recip-type": "",
  "client-userid": "",
  "recip-email-address": "",
  "language-code": "",
  "recip-status": "",
  "routing-order": "",
  "decline-reason": "",
  "sent-dttm": "",
  "delivered-dttm": "",
  "signed-dttm": "",
  "declined-dttm": "",
  "recipient-properties": [
    {
      "recipient-property": {
        "field-id": "",
        "field-value": "FieldValue",
        "field-value2": "",
        "field-value3": ""
      }
    }
  ],
  "recipient-tab-list": [
    {
      "recipient-tab": {
        "customer-tab-type": "",
        "document-id": "",
        "list-selected-value": "",
        "original-value": "",
        "page-number": "",
        "tab-label": "",
        "tab-name": "TabName"
      }
    }
  ]
}